﻿<!DOCTYPE ObjectContainer>
<Container>
   <BaseObject><Key>
  <Table Name="JobChain" Display="CCC_Xyz_Account_Provision" Key="CCC-F339ABE0878F7448AA914127DFAFB97F">
    <Prop Name="UID_JobChain">
      <Value>CCC-F339ABE0878F7448AA914127DFAFB97F</Value>
    </Prop>
  </Table>
</Key></BaseObject>
   <DeleteResiduals>true</DeleteResiduals>
   <Relations>
      <Relation Table="Job" Column="UID_JobChain" Direction="CR" />
      <Relation Table="JobChain" Column="UID_Job" Direction="CR" />
      <Relation Table="Job" Column="UID_JobChain" Direction="FK" />
      <Relation Table="JobRunParameter" Column="UID_Job" Direction="CR" />
      <Relation Table="JobEventGen" Column="UID_JobChain" Direction="CR" />
      <Relation Table="JobEventGen" Column="UID_JobChain" Direction="FK" />
      <Relation Table="JobChain" Column="UID_Job" Direction="FK" />
      <Relation Table="JobEventGen" Column="UID_QBMEvent" Direction="FK" />
      <Relation Table="JobEventGen" Column="UID_QBMEvent" Direction="CR" />
      <Relation Table="QBMEventHasFeature" Column="UID_QBMEvent" Direction="CR" />
      <Relation Table="JobRunParameter" Column="UID_Job" Direction="FK" />
   </Relations>
   <DbObjects>
      <DbObject Display="CCC_Xyz_Account_Provision" Version="2">
         <Key>
            <Table Name="JobChain" Display="CCC_Xyz_Account_Provision" Key="CCC-F339ABE0878F7448AA914127DFAFB97F">
               <Prop Name="UID_JobChain">
                  <Value>CCC-F339ABE0878F7448AA914127DFAFB97F</Value>
               </Prop>
            </Table>
         </Key>
         <Columns>
            <Column Name="CustomRemarks">
               <Value />
            </Column>
            <Column Name="Description">
               <Value />
            </Column>
            <Column Name="GenCondition" Display="Value = CBool(values(&quot;NeedExecute&quot;))">
               <Value>Value = CBool(values("NeedExecute"))</Value>
            </Column>
            <Column Name="LayoutPositions" Display="V1.1&#x7;JobChain_CCC_Xyz_Account_Provision&#x8;20&#x8;20&#x8;R600&#x7;Provision account&#x8;20&#x8;120">
               <Value>V1.1&#x7;JobChain_CCC_Xyz_Account_Provision&#x8;20&#x8;20&#x8;R600&#x7;Provision account&#x8;20&#x8;120</Value>
            </Column>
            <Column Name="LimitationCount" Display="0">
               <Value>0</Value>
            </Column>
            <Column Name="LimitationWarning" Display="0">
               <Value>0</Value>
            </Column>
            <Column Name="Name" Display="CCC_Xyz_Account_Provision">
               <Value>CCC_Xyz_Account_Provision</Value>
            </Column>
            <Column Name="NoGenerate" Display="False">
               <Value>False</Value>
            </Column>
            <Column Name="PreCode" Display="values(&quot;NeedExecute&quot;) = False&#xD;&#xA;&#xD;&#xA;If Not CBool(Connection.Variables(&quot;FULLSYNC&quot;)) And CStr($FK(UID_UNSRootB).Ident_UNSRoot$) = &quot;Xyz&quot; Then&#xD;&#xA;	Dim log = NLog.LogManager.GetLogger(&quot;XyzProvisionLog&quot;)&#xD;&#xA;	log.Info(&quot;&gt;&gt; Process CCC_Xyz_Account_Provision: Event: {0}&quot;, EventName)&#xD;&#xA;&#xD;&#xA;	log.Trace(&quot;Connection variables:&quot;)&#xD;&#xA;	For Each kv As DictionaryEntry In Connection.Variables&#xD;&#xA;		log.Trace(&quot;  {0}: {1}&quot;, kv.Key, kv.Value)&#xD;&#xA;	Next&#xD;&#xA;&#xD;&#xA;	log.Debug(&quot;Entity: {0}&quot;, entity.LongDisplay)&#xD;&#xA;	For Each c In entity.Columns&#xD;&#xA;		Dim ov = c.GetOldValue().ToString()&#xD;&#xA;		Dim nv = c.GetValue().ToString()&#xD;&#xA;		If Not ov.Equals(nv) Then&#xD;&#xA;			If c.Columnname.ToLower().Contains(&quot;password&quot;) Then&#xD;&#xA;				log.Trace(&quot;  {0}: *** -&gt; ***&quot;, c.Columnname)&#xD;&#xA;			Else&#xD;&#xA;				log.Trace(&quot;  {0}: {1} -&gt; {2}&quot;, c.Columnname, ov, nv)&#xD;&#xA;			End If&#xD;&#xA;		Else&#xD;&#xA;			If c.Columnname.ToLower().Contains(&quot;password&quot;) Then&#xD;&#xA;				log.Trace(&quot;  {0}: ***&quot;, c.Columnname)&#xD;&#xA;			Else&#xD;&#xA;				log.Trace(&quot;  {0}: {1}&quot;, c.Columnname, ov)&#xD;&#xA;			End If&#xD;&#xA;		End If&#xD;&#xA;	Next&#xD;&#xA;&#xD;&#xA;	Dim sysType = $FK(UID_UNSRootB).FK(UID_DPRNameSpace).Ident_DPRNameSpace$&#xD;&#xA;	Dim rootKey = $FK(UID_UNSRootB).XObjectKey$&#xD;&#xA;	Try&#xD;&#xA;		Dim data = DPR_GetAdHocData(rootKey, sysType, &quot;&quot;, &quot;Provisioning&quot;)&#xD;&#xA;		If data Is Nothing Then&#xD;&#xA;			log.Warn(&quot;AdHocData was not found&quot;)&#xD;&#xA;		Else&#xD;&#xA;			Dim objKey = New DbObjectKey(base.Tablename, $UID_UNSAccountB$).ToXmlString()&#xD;&#xA;&#xD;&#xA;			log.Trace(&quot;ObjectKey: {0}&quot;, objKey)&#xD;&#xA;			log.Trace(&quot;AdHocData:&quot;)&#xD;&#xA;			For Each kv As KeyValuePair(Of string,string) In data&#xD;&#xA;				log.Trace(&quot;  {0}: {1}&quot;, kv.Key, kv.Value)&#xD;&#xA;			Next&#xD;&#xA;&#xD;&#xA;			values(&quot;ObjectKey&quot;) = objKey&#xD;&#xA;			values(&quot;UID_DPRProjectionConfiguration&quot;) = data(&quot;ProjectionConfigUID&quot;)&#xD;&#xA;			values(&quot;UID_DPRSystemVariableSet&quot;) = data(&quot;VariableSetUID&quot;)&#xD;&#xA;			values(&quot;UID_QBMServer&quot;) = data(&quot;ExecutionServerUID&quot;)&#xD;&#xA;&#xD;&#xA;			Select EventName.ToUpperInvariant()&#xD;&#xA;			Case &quot;INSERT&quot;, &quot;DELETE&quot;&#xD;&#xA;				values(&quot;NeedExecute&quot;) = DPR_NeedExecuteWorkflow(values(&quot;UID_DPRProjectionConfiguration&quot;).ToString(), entity)&#xD;&#xA;			Case &quot;UPDATE&quot;&#xD;&#xA;				Dim colIgnored = {&quot;CanonicalName&quot;, &quot;DisplayName&quot;, &quot;DistinguishedName&quot;}&#xD;&#xA;				values(&quot;NeedExecute&quot;) = DPR_NeedExecuteWorkflow(values(&quot;UID_DPRProjectionConfiguration&quot;).ToString(), entity, colIgnored)&#xD;&#xA;			End Select&#xD;&#xA;		End If&#xD;&#xA;	Catch ex As Exception&#xD;&#xA;		log.Warn(String.Format(&quot;Exception: {0}&quot;, ex.ToString()))&#xD;&#xA;		Throw&#xD;&#xA;	End Try&#xD;&#xA;	log.Info(&quot;NeedExecute: {0}&quot;, values(&quot;NeedExecute&quot;))&#xD;&#xA;End If&#xD;&#xA;">
               <Value>values("NeedExecute") = False

If Not CBool(Connection.Variables("FULLSYNC")) And CStr($FK(UID_UNSRootB).Ident_UNSRoot$) = "Xyz" Then
	Dim log = NLog.LogManager.GetLogger("XyzProvisionLog")
	log.Info("&gt;&gt; Process CCC_Xyz_Account_Provision: Event: {0}", EventName)

	log.Trace("Connection variables:")
	For Each kv As DictionaryEntry In Connection.Variables
		log.Trace("  {0}: {1}", kv.Key, kv.Value)
	Next

	log.Debug("Entity: {0}", entity.LongDisplay)
	For Each c In entity.Columns
		Dim ov = c.GetOldValue().ToString()
		Dim nv = c.GetValue().ToString()
		If Not ov.Equals(nv) Then
			If c.Columnname.ToLower().Contains("password") Then
				log.Trace("  {0}: *** -&gt; ***", c.Columnname)
			Else
				log.Trace("  {0}: {1} -&gt; {2}", c.Columnname, ov, nv)
			End If
		Else
			If c.Columnname.ToLower().Contains("password") Then
				log.Trace("  {0}: ***", c.Columnname)
			Else
				log.Trace("  {0}: {1}", c.Columnname, ov)
			End If
		End If
	Next

	Dim sysType = $FK(UID_UNSRootB).FK(UID_DPRNameSpace).Ident_DPRNameSpace$
	Dim rootKey = $FK(UID_UNSRootB).XObjectKey$
	Try
		Dim data = DPR_GetAdHocData(rootKey, sysType, "", "Provisioning")
		If data Is Nothing Then
			log.Warn("AdHocData was not found")
		Else
			Dim objKey = New DbObjectKey(base.Tablename, $UID_UNSAccountB$).ToXmlString()

			log.Trace("ObjectKey: {0}", objKey)
			log.Trace("AdHocData:")
			For Each kv As KeyValuePair(Of string,string) In data
				log.Trace("  {0}: {1}", kv.Key, kv.Value)
			Next

			values("ObjectKey") = objKey
			values("UID_DPRProjectionConfiguration") = data("ProjectionConfigUID")
			values("UID_DPRSystemVariableSet") = data("VariableSetUID")
			values("UID_QBMServer") = data("ExecutionServerUID")

			Select EventName.ToUpperInvariant()
			Case "INSERT", "DELETE"
				values("NeedExecute") = DPR_NeedExecuteWorkflow(values("UID_DPRProjectionConfiguration").ToString(), entity)
			Case "UPDATE"
				Dim colIgnored = {"CanonicalName", "DisplayName", "DistinguishedName"}
				values("NeedExecute") = DPR_NeedExecuteWorkflow(values("UID_DPRProjectionConfiguration").ToString(), entity, colIgnored)
			End Select
		End If
	Catch ex As Exception
		log.Warn(String.Format("Exception: {0}", ex.ToString()))
		Throw
	End Try
	log.Info("NeedExecute: {0}", values("NeedExecute"))
End If
</Value>
            </Column>
            <Column Name="PreProcessorCondition">
               <Value />
            </Column>
            <Column Name="ProcessDisplay">
               <Value />
            </Column>
            <Column Name="ProcessTracking" Display="None">
               <Value>0</Value>
            </Column>
            <Column Name="UID_DialogTable" Display="UNSAccountB">
               <Key>
                  <Table Name="DialogTable" Display="UNSAccountB" Key="TSB-T-UNSAccountB">
                     <Prop Name="UID_DialogTable">
                        <Value>TSB-T-UNSAccountB</Value>
                     </Prop>
                  </Table>
               </Key>
            </Column>
            <Column Name="UID_Job" Display="Provision account">
               <Key>
                  <Table Name="Job" Display="Provision account" Key="CCC-F1AA59344260494DB5B231D89C8F4218">
                     <Prop Name="UID_Job">
                        <Value>CCC-F1AA59344260494DB5B231D89C8F4218</Value>
                     </Prop>
                  </Table>
               </Key>
            </Column>
            <Column Name="UID_JobChain" Display="CCC-F339ABE0878F7448AA914127DFAFB97F">
               <Value>CCC-F339ABE0878F7448AA914127DFAFB97F</Value>
            </Column>
            <Column Name="XDateInserted" Display="6/3/2021 6:43:10 PM">
               <Value>2021-06-03T15:43:10.2800000Z</Value>
            </Column>
            <Column Name="XDateUpdated" Display="6/3/2021 10:58:35 PM">
               <Value>2021-06-03T19:58:35.2870000Z</Value>
            </Column>
            <Column Name="XMarkedForDeletion">
               <Value>0</Value>
            </Column>
            <Column Name="XObjectKey" Display="&lt;Key&gt;&lt;T&gt;JobChain&lt;/T&gt;&lt;P&gt;CCC-F339ABE0878F7448AA914127DFAFB97F&lt;/P&gt;&lt;/Key&gt;">
               <Value>&lt;Key&gt;&lt;T&gt;JobChain&lt;/T&gt;&lt;P&gt;CCC-F339ABE0878F7448AA914127DFAFB97F&lt;/P&gt;&lt;/Key&gt;</Value>
            </Column>
            <Column Name="XTouched">
               <Value />
            </Column>
            <Column Name="XUserInserted" Display="cccadmin">
               <Value>cccadmin</Value>
            </Column>
            <Column Name="XUserUpdated" Display="cccadmin">
               <Value>cccadmin</Value>
            </Column>
         </Columns>
      </DbObject>
      <DbObject Display="Provision account" Version="2">
         <Key>
            <Table Name="Job" Display="Provision account" Key="CCC-F1AA59344260494DB5B231D89C8F4218">
               <Prop Name="UID_Job">
                  <Value>CCC-F1AA59344260494DB5B231D89C8F4218</Value>
               </Prop>
            </Table>
         </Key>
         <Columns>
            <Column Name="DeferOnError" Display="False">
               <Value>False</Value>
            </Column>
            <Column Name="Description">
               <Value />
            </Column>
            <Column Name="ErrorNotify" Display="False">
               <Value>False</Value>
            </Column>
            <Column Name="GenCondition" Display="Value = CBool(values(&quot;NeedExecute&quot;))">
               <Value>Value = CBool(values("NeedExecute"))</Value>
            </Column>
            <Column Name="IgnoreErrors" Display="False">
               <Value>False</Value>
            </Column>
            <Column Name="IsErrorLogToJournal" Display="False">
               <Value>False</Value>
            </Column>
            <Column Name="IsForHistory" Display="True">
               <Value>True</Value>
            </Column>
            <Column Name="IsNoDBQueueDefer" Display="False">
               <Value>False</Value>
            </Column>
            <Column Name="IsSplitOnly" Display="False">
               <Value>False</Value>
            </Column>
            <Column Name="IsToFreezeOnError" Display="True">
               <Value>True</Value>
            </Column>
            <Column Name="MinutesToDefer" Display="0">
               <Value>0</Value>
            </Column>
            <Column Name="Name" Display="Provision account">
               <Value>Provision account</Value>
            </Column>
            <Column Name="NotifyAddress">
               <Value />
            </Column>
            <Column Name="NotifyAddressSuccess">
               <Value />
            </Column>
            <Column Name="NotifyBody">
               <Value />
            </Column>
            <Column Name="NotifyBodySuccess">
               <Value />
            </Column>
            <Column Name="NotifySender">
               <Value />
            </Column>
            <Column Name="NotifySenderSuccess">
               <Value />
            </Column>
            <Column Name="NotifySubject">
               <Value />
            </Column>
            <Column Name="NotifySubjectSuccess">
               <Value />
            </Column>
            <Column Name="PreCode">
               <Value />
            </Column>
            <Column Name="PreProcessorCondition">
               <Value />
            </Column>
            <Column Name="Priority" Display="3">
               <Value>3</Value>
            </Column>
            <Column Name="PriorityDefinition">
               <Value />
            </Column>
            <Column Name="ProcessDisplay">
               <Value />
            </Column>
            <Column Name="ProcessInfoLevel" Display="Basic information">
               <Value>0</Value>
            </Column>
            <Column Name="ProcessTracking" Display="None">
               <Value>0</Value>
            </Column>
            <Column Name="Retries" Display="0">
               <Value>0</Value>
            </Column>
            <Column Name="ServerDetectScript" Display="Value = values(&quot;UID_QBMServer&quot;).ToString()">
               <Value>Value = values("UID_QBMServer").ToString()</Value>
            </Column>
            <Column Name="SuccessNotify" Display="False">
               <Value>False</Value>
            </Column>
            <Column Name="UID_ErrorJob">
               <Value />
            </Column>
            <Column Name="UID_Job" Display="CCC-F1AA59344260494DB5B231D89C8F4218">
               <Value>CCC-F1AA59344260494DB5B231D89C8F4218</Value>
            </Column>
            <Column Name="UID_JobChain" Display="CCC_Xyz_Account_Provision">
               <Key>
                  <Table Name="JobChain" Display="CCC_Xyz_Account_Provision" Key="CCC-F339ABE0878F7448AA914127DFAFB97F">
                     <Prop Name="UID_JobChain">
                        <Value>CCC-F339ABE0878F7448AA914127DFAFB97F</Value>
                     </Prop>
                  </Table>
               </Key>
            </Column>
            <Column Name="UID_JobTask" Display="AdHocProjection">
               <Key>
                  <Table Name="JobTask" Display="AdHocProjection" Key="DPR-18738A6234B58F459A0B335180298BB0">
                     <Prop Name="UID_JobTask">
                        <Value>DPR-18738A6234B58F459A0B335180298BB0</Value>
                     </Prop>
                  </Table>
               </Key>
            </Column>
            <Column Name="UID_QBMServerTag">
               <Value />
            </Column>
            <Column Name="UID_SuccessJob">
               <Value />
            </Column>
            <Column Name="XDateInserted" Display="6/3/2021 6:43:10 PM">
               <Value>2021-06-03T15:43:10.5630000Z</Value>
            </Column>
            <Column Name="XDateUpdated" Display="6/3/2021 6:43:10 PM">
               <Value>2021-06-03T15:43:10.6400000Z</Value>
            </Column>
            <Column Name="XMarkedForDeletion">
               <Value>0</Value>
            </Column>
            <Column Name="XObjectKey" Display="&lt;Key&gt;&lt;T&gt;Job&lt;/T&gt;&lt;P&gt;CCC-F1AA59344260494DB5B231D89C8F4218&lt;/P&gt;&lt;/Key&gt;">
               <Value>&lt;Key&gt;&lt;T&gt;Job&lt;/T&gt;&lt;P&gt;CCC-F1AA59344260494DB5B231D89C8F4218&lt;/P&gt;&lt;/Key&gt;</Value>
            </Column>
            <Column Name="XTouched">
               <Value />
            </Column>
            <Column Name="XUserInserted" Display="cccadmin">
               <Value>cccadmin</Value>
            </Column>
            <Column Name="XUserUpdated" Display="cccadmin">
               <Value>cccadmin</Value>
            </Column>
         </Columns>
      </DbObject>
      <DbObject Display="TSB-05D6F1A27F8AE0B7FC4FF7631E8DB68C" Version="2">
         <Key>
            <Table Name="JobEventGen" Display="TSB-05D6F1A27F8AE0B7FC4FF7631E8DB68C" Key="CCC-EACA492777445F4B8134AA5EA1561CF8">
               <Prop Name="UID_JobEventGen">
                  <Value>CCC-EACA492777445F4B8134AA5EA1561CF8</Value>
               </Prop>
            </Table>
         </Key>
         <Columns>
            <Column Name="OrderNr" Display="0">
               <Value>0</Value>
            </Column>
            <Column Name="ProcessDisplay">
               <Value />
            </Column>
            <Column Name="UID_JobChain" Display="CCC-F339ABE0878F7448AA914127DFAFB97F">
               <Key>
                  <Table Name="JobChain" Display="CCC_Xyz_Account_Provision" Key="CCC-F339ABE0878F7448AA914127DFAFB97F">
                     <Prop Name="UID_JobChain">
                        <Value>CCC-F339ABE0878F7448AA914127DFAFB97F</Value>
                     </Prop>
                  </Table>
               </Key>
            </Column>
            <Column Name="UID_JobEventGen" Display="CCC-EACA492777445F4B8134AA5EA1561CF8">
               <Value>CCC-EACA492777445F4B8134AA5EA1561CF8</Value>
            </Column>
            <Column Name="UID_QBMEvent" Display="TSB-05D6F1A27F8AE0B7FC4FF7631E8DB68C">
               <Key>
                  <Table Name="QBMEvent" Display="UPDATE - UNSAccountB" Key="TSB-05D6F1A27F8AE0B7FC4FF7631E8DB68C">
                     <Prop Name="UID_QBMEvent">
                        <Value>TSB-05D6F1A27F8AE0B7FC4FF7631E8DB68C</Value>
                     </Prop>
                  </Table>
               </Key>
            </Column>
            <Column Name="XDateInserted" Display="6/3/2021 6:43:10 PM">
               <Value>2021-06-03T15:43:10.5200000Z</Value>
            </Column>
            <Column Name="XDateUpdated" Display="6/3/2021 6:43:10 PM">
               <Value>2021-06-03T15:43:10.5200000Z</Value>
            </Column>
            <Column Name="XMarkedForDeletion">
               <Value>0</Value>
            </Column>
            <Column Name="XObjectKey" Display="&lt;Key&gt;&lt;T&gt;JobEventGen&lt;/T&gt;&lt;P&gt;CCC-EACA492777445F4B8134AA5EA1561CF8&lt;/P&gt;&lt;/Key&gt;">
               <Value>&lt;Key&gt;&lt;T&gt;JobEventGen&lt;/T&gt;&lt;P&gt;CCC-EACA492777445F4B8134AA5EA1561CF8&lt;/P&gt;&lt;/Key&gt;</Value>
            </Column>
            <Column Name="XTouched">
               <Value />
            </Column>
            <Column Name="XUserInserted" Display="cccadmin">
               <Value>cccadmin</Value>
            </Column>
            <Column Name="XUserUpdated" Display="cccadmin">
               <Value>cccadmin</Value>
            </Column>
         </Columns>
      </DbObject>
      <DbObject Display="TSB-8CD9C5EBE10015D28D9891D9D36AA8DA" Version="2">
         <Key>
            <Table Name="JobEventGen" Display="TSB-8CD9C5EBE10015D28D9891D9D36AA8DA" Key="CCC-C28AA5E1CB125749BA2C43ECB39DEC27">
               <Prop Name="UID_JobEventGen">
                  <Value>CCC-C28AA5E1CB125749BA2C43ECB39DEC27</Value>
               </Prop>
            </Table>
         </Key>
         <Columns>
            <Column Name="OrderNr" Display="0">
               <Value>0</Value>
            </Column>
            <Column Name="ProcessDisplay">
               <Value />
            </Column>
            <Column Name="UID_JobChain" Display="CCC-F339ABE0878F7448AA914127DFAFB97F">
               <Key>
                  <Table Name="JobChain" Display="CCC_Xyz_Account_Provision" Key="CCC-F339ABE0878F7448AA914127DFAFB97F">
                     <Prop Name="UID_JobChain">
                        <Value>CCC-F339ABE0878F7448AA914127DFAFB97F</Value>
                     </Prop>
                  </Table>
               </Key>
            </Column>
            <Column Name="UID_JobEventGen" Display="CCC-C28AA5E1CB125749BA2C43ECB39DEC27">
               <Value>CCC-C28AA5E1CB125749BA2C43ECB39DEC27</Value>
            </Column>
            <Column Name="UID_QBMEvent" Display="TSB-8CD9C5EBE10015D28D9891D9D36AA8DA">
               <Key>
                  <Table Name="QBMEvent" Display="DELETE - UNSAccountB" Key="TSB-8CD9C5EBE10015D28D9891D9D36AA8DA">
                     <Prop Name="UID_QBMEvent">
                        <Value>TSB-8CD9C5EBE10015D28D9891D9D36AA8DA</Value>
                     </Prop>
                  </Table>
               </Key>
            </Column>
            <Column Name="XDateInserted" Display="6/3/2021 6:43:10 PM">
               <Value>2021-06-03T15:43:10.5200000Z</Value>
            </Column>
            <Column Name="XDateUpdated" Display="6/3/2021 6:43:10 PM">
               <Value>2021-06-03T15:43:10.5200000Z</Value>
            </Column>
            <Column Name="XMarkedForDeletion">
               <Value>0</Value>
            </Column>
            <Column Name="XObjectKey" Display="&lt;Key&gt;&lt;T&gt;JobEventGen&lt;/T&gt;&lt;P&gt;CCC-C28AA5E1CB125749BA2C43ECB39DEC27&lt;/P&gt;&lt;/Key&gt;">
               <Value>&lt;Key&gt;&lt;T&gt;JobEventGen&lt;/T&gt;&lt;P&gt;CCC-C28AA5E1CB125749BA2C43ECB39DEC27&lt;/P&gt;&lt;/Key&gt;</Value>
            </Column>
            <Column Name="XTouched">
               <Value />
            </Column>
            <Column Name="XUserInserted" Display="cccadmin">
               <Value>cccadmin</Value>
            </Column>
            <Column Name="XUserUpdated" Display="cccadmin">
               <Value>cccadmin</Value>
            </Column>
         </Columns>
      </DbObject>
      <DbObject Display="TSB-AE8C1B46E175ECFC2A880D990682E00A" Version="2">
         <Key>
            <Table Name="JobEventGen" Display="TSB-AE8C1B46E175ECFC2A880D990682E00A" Key="CCC-DA9D246BC898374DBFDF6CD4D3D368D6">
               <Prop Name="UID_JobEventGen">
                  <Value>CCC-DA9D246BC898374DBFDF6CD4D3D368D6</Value>
               </Prop>
            </Table>
         </Key>
         <Columns>
            <Column Name="OrderNr" Display="0">
               <Value>0</Value>
            </Column>
            <Column Name="ProcessDisplay">
               <Value />
            </Column>
            <Column Name="UID_JobChain" Display="CCC-F339ABE0878F7448AA914127DFAFB97F">
               <Key>
                  <Table Name="JobChain" Display="CCC_Xyz_Account_Provision" Key="CCC-F339ABE0878F7448AA914127DFAFB97F">
                     <Prop Name="UID_JobChain">
                        <Value>CCC-F339ABE0878F7448AA914127DFAFB97F</Value>
                     </Prop>
                  </Table>
               </Key>
            </Column>
            <Column Name="UID_JobEventGen" Display="CCC-DA9D246BC898374DBFDF6CD4D3D368D6">
               <Value>CCC-DA9D246BC898374DBFDF6CD4D3D368D6</Value>
            </Column>
            <Column Name="UID_QBMEvent" Display="TSB-AE8C1B46E175ECFC2A880D990682E00A">
               <Key>
                  <Table Name="QBMEvent" Display="INSERT - UNSAccountB" Key="TSB-AE8C1B46E175ECFC2A880D990682E00A">
                     <Prop Name="UID_QBMEvent">
                        <Value>TSB-AE8C1B46E175ECFC2A880D990682E00A</Value>
                     </Prop>
                  </Table>
               </Key>
            </Column>
            <Column Name="XDateInserted" Display="6/3/2021 6:43:10 PM">
               <Value>2021-06-03T15:43:10.5070000Z</Value>
            </Column>
            <Column Name="XDateUpdated" Display="6/3/2021 6:43:10 PM">
               <Value>2021-06-03T15:43:10.5070000Z</Value>
            </Column>
            <Column Name="XMarkedForDeletion">
               <Value>0</Value>
            </Column>
            <Column Name="XObjectKey" Display="&lt;Key&gt;&lt;T&gt;JobEventGen&lt;/T&gt;&lt;P&gt;CCC-DA9D246BC898374DBFDF6CD4D3D368D6&lt;/P&gt;&lt;/Key&gt;">
               <Value>&lt;Key&gt;&lt;T&gt;JobEventGen&lt;/T&gt;&lt;P&gt;CCC-DA9D246BC898374DBFDF6CD4D3D368D6&lt;/P&gt;&lt;/Key&gt;</Value>
            </Column>
            <Column Name="XTouched">
               <Value />
            </Column>
            <Column Name="XUserInserted" Display="cccadmin">
               <Value>cccadmin</Value>
            </Column>
            <Column Name="XUserUpdated" Display="cccadmin">
               <Value>cccadmin</Value>
            </Column>
         </Columns>
      </DbObject>
      <DbObject Display="AuthenticationString" Version="2">
         <Key>
            <Table Name="JobRunParameter" Display="AuthenticationString">
               <Prop Name="UID_Job">
                  <Value>CCC-F1AA59344260494DB5B231D89C8F4218</Value>
               </Prop>
               <Prop Name="UID_JobParameter">
                  <Value>DPR-DA9131661816794784404EF643AD23B8</Value>
               </Prop>
            </Table>
         </Key>
         <Columns>
            <Column Name="IsCompressed" Display="False">
               <Value>False</Value>
            </Column>
            <Column Name="IsCrypted" Display="True">
               <Value>True</Value>
            </Column>
            <Column Name="IsHidden" Display="True">
               <Value>True</Value>
            </Column>
            <Column Name="IsPartialCrypted" Display="False">
               <Value>False</Value>
            </Column>
            <Column Name="Name" Display="AuthenticationString">
               <Value>AuthenticationString</Value>
            </Column>
            <Column Name="UID_Job" Display="CCC-F1AA59344260494DB5B231D89C8F4218">
               <Key>
                  <Table Name="Job" Display="Provision account" Key="CCC-F1AA59344260494DB5B231D89C8F4218">
                     <Prop Name="UID_Job">
                        <Value>CCC-F1AA59344260494DB5B231D89C8F4218</Value>
                     </Prop>
                  </Table>
               </Key>
            </Column>
            <Column Name="UID_JobParameter" Display="DPR-DA9131661816794784404EF643AD23B8">
               <Key>
                  <Table Name="JobParameter" Display="AuthenticationString" Key="DPR-DA9131661816794784404EF643AD23B8">
                     <Prop Name="UID_JobParameter">
                        <Value>DPR-DA9131661816794784404EF643AD23B8</Value>
                     </Prop>
                  </Table>
               </Key>
            </Column>
            <Column Name="ValueTemplate" Display="Value = ConnectionInfo.AuthString">
               <Value>Value = ConnectionInfo.AuthString</Value>
            </Column>
            <Column Name="XDateInserted" Display="6/3/2021 6:43:11 PM">
               <Value>2021-06-03T15:43:11.0400000Z</Value>
            </Column>
            <Column Name="XDateUpdated" Display="6/3/2021 6:43:11 PM">
               <Value>2021-06-03T15:43:11.0400000Z</Value>
            </Column>
            <Column Name="XMarkedForDeletion">
               <Value>0</Value>
            </Column>
            <Column Name="XObjectKey" Display="&lt;Key&gt;&lt;T&gt;JobRunParameter&lt;/T&gt;&lt;P&gt;CCC-F1AA59344260494DB5B231D89C8F4218&lt;/P&gt;&lt;P&gt;DPR-DA9131661816794784404EF643AD23B8&lt;/P&gt;&lt;/Key&gt;">
               <Value>&lt;Key&gt;&lt;T&gt;JobRunParameter&lt;/T&gt;&lt;P&gt;CCC-F1AA59344260494DB5B231D89C8F4218&lt;/P&gt;&lt;P&gt;DPR-DA9131661816794784404EF643AD23B8&lt;/P&gt;&lt;/Key&gt;</Value>
            </Column>
            <Column Name="XTouched">
               <Value />
            </Column>
            <Column Name="XUserInserted" Display="cccadmin">
               <Value>cccadmin</Value>
            </Column>
            <Column Name="XUserUpdated" Display="cccadmin">
               <Value>cccadmin</Value>
            </Column>
         </Columns>
      </DbObject>
      <DbObject Display="CausingEntityPatch" Version="2">
         <Key>
            <Table Name="JobRunParameter" Display="CausingEntityPatch">
               <Prop Name="UID_Job">
                  <Value>CCC-F1AA59344260494DB5B231D89C8F4218</Value>
               </Prop>
               <Prop Name="UID_JobParameter">
                  <Value>DPR-B59831A8FEDC1247BE80239A8B9E5A22</Value>
               </Prop>
            </Table>
         </Key>
         <Columns>
            <Column Name="IsCompressed" Display="False">
               <Value>False</Value>
            </Column>
            <Column Name="IsCrypted" Display="False">
               <Value>False</Value>
            </Column>
            <Column Name="IsHidden" Display="False">
               <Value>False</Value>
            </Column>
            <Column Name="IsPartialCrypted" Display="True">
               <Value>True</Value>
            </Column>
            <Column Name="Name" Display="CausingEntityPatch">
               <Value>CausingEntityPatch</Value>
            </Column>
            <Column Name="UID_Job" Display="CCC-F1AA59344260494DB5B231D89C8F4218">
               <Key>
                  <Table Name="Job" Display="Provision account" Key="CCC-F1AA59344260494DB5B231D89C8F4218">
                     <Prop Name="UID_Job">
                        <Value>CCC-F1AA59344260494DB5B231D89C8F4218</Value>
                     </Prop>
                  </Table>
               </Key>
            </Column>
            <Column Name="UID_JobParameter" Display="DPR-B59831A8FEDC1247BE80239A8B9E5A22">
               <Key>
                  <Table Name="JobParameter" Display="CausingEntityPatch" Key="DPR-B59831A8FEDC1247BE80239A8B9E5A22">
                     <Prop Name="UID_JobParameter">
                        <Value>DPR-B59831A8FEDC1247BE80239A8B9E5A22</Value>
                     </Prop>
                  </Table>
               </Key>
            </Column>
            <Column Name="ValueTemplate" Display="Value = DPR_WrapObjectForProjection(Entity)">
               <Value>Value = DPR_WrapObjectForProjection(Entity)</Value>
            </Column>
            <Column Name="XDateInserted" Display="6/3/2021 6:43:11 PM">
               <Value>2021-06-03T15:43:11.0700000Z</Value>
            </Column>
            <Column Name="XDateUpdated" Display="6/3/2021 6:43:11 PM">
               <Value>2021-06-03T15:43:11.0700000Z</Value>
            </Column>
            <Column Name="XMarkedForDeletion">
               <Value>0</Value>
            </Column>
            <Column Name="XObjectKey" Display="&lt;Key&gt;&lt;T&gt;JobRunParameter&lt;/T&gt;&lt;P&gt;CCC-F1AA59344260494DB5B231D89C8F4218&lt;/P&gt;&lt;P&gt;DPR-B59831A8FEDC1247BE80239A8B9E5A22&lt;/P&gt;&lt;/Key&gt;">
               <Value>&lt;Key&gt;&lt;T&gt;JobRunParameter&lt;/T&gt;&lt;P&gt;CCC-F1AA59344260494DB5B231D89C8F4218&lt;/P&gt;&lt;P&gt;DPR-B59831A8FEDC1247BE80239A8B9E5A22&lt;/P&gt;&lt;/Key&gt;</Value>
            </Column>
            <Column Name="XTouched">
               <Value />
            </Column>
            <Column Name="XUserInserted" Display="cccadmin">
               <Value>cccadmin</Value>
            </Column>
            <Column Name="XUserUpdated" Display="cccadmin">
               <Value>cccadmin</Value>
            </Column>
         </Columns>
      </DbObject>
      <DbObject Display="ConnectionProvider" Version="2">
         <Key>
            <Table Name="JobRunParameter" Display="ConnectionProvider">
               <Prop Name="UID_Job">
                  <Value>CCC-F1AA59344260494DB5B231D89C8F4218</Value>
               </Prop>
               <Prop Name="UID_JobParameter">
                  <Value>DPR-A1D8CDAF1E811F4F9175C3C811C51D5B</Value>
               </Prop>
            </Table>
         </Key>
         <Columns>
            <Column Name="IsCompressed" Display="False">
               <Value>False</Value>
            </Column>
            <Column Name="IsCrypted" Display="False">
               <Value>False</Value>
            </Column>
            <Column Name="IsHidden" Display="False">
               <Value>False</Value>
            </Column>
            <Column Name="IsPartialCrypted" Display="False">
               <Value>False</Value>
            </Column>
            <Column Name="Name" Display="ConnectionProvider">
               <Value>ConnectionProvider</Value>
            </Column>
            <Column Name="UID_Job" Display="CCC-F1AA59344260494DB5B231D89C8F4218">
               <Key>
                  <Table Name="Job" Display="Provision account" Key="CCC-F1AA59344260494DB5B231D89C8F4218">
                     <Prop Name="UID_Job">
                        <Value>CCC-F1AA59344260494DB5B231D89C8F4218</Value>
                     </Prop>
                  </Table>
               </Key>
            </Column>
            <Column Name="UID_JobParameter" Display="DPR-A1D8CDAF1E811F4F9175C3C811C51D5B">
               <Key>
                  <Table Name="JobParameter" Display="ConnectionProvider" Key="DPR-A1D8CDAF1E811F4F9175C3C811C51D5B">
                     <Prop Name="UID_JobParameter">
                        <Value>DPR-A1D8CDAF1E811F4F9175C3C811C51D5B</Value>
                     </Prop>
                  </Table>
               </Key>
            </Column>
            <Column Name="ValueTemplate" Display="Value = ConnectionInfo.ConnectionProvider">
               <Value>Value = ConnectionInfo.ConnectionProvider</Value>
            </Column>
            <Column Name="XDateInserted" Display="6/3/2021 6:43:11 PM">
               <Value>2021-06-03T15:43:11.0700000Z</Value>
            </Column>
            <Column Name="XDateUpdated" Display="6/3/2021 6:43:11 PM">
               <Value>2021-06-03T15:43:11.0700000Z</Value>
            </Column>
            <Column Name="XMarkedForDeletion">
               <Value>0</Value>
            </Column>
            <Column Name="XObjectKey" Display="&lt;Key&gt;&lt;T&gt;JobRunParameter&lt;/T&gt;&lt;P&gt;CCC-F1AA59344260494DB5B231D89C8F4218&lt;/P&gt;&lt;P&gt;DPR-A1D8CDAF1E811F4F9175C3C811C51D5B&lt;/P&gt;&lt;/Key&gt;">
               <Value>&lt;Key&gt;&lt;T&gt;JobRunParameter&lt;/T&gt;&lt;P&gt;CCC-F1AA59344260494DB5B231D89C8F4218&lt;/P&gt;&lt;P&gt;DPR-A1D8CDAF1E811F4F9175C3C811C51D5B&lt;/P&gt;&lt;/Key&gt;</Value>
            </Column>
            <Column Name="XTouched">
               <Value />
            </Column>
            <Column Name="XUserInserted" Display="cccadmin">
               <Value>cccadmin</Value>
            </Column>
            <Column Name="XUserUpdated" Display="cccadmin">
               <Value>cccadmin</Value>
            </Column>
         </Columns>
      </DbObject>
      <DbObject Display="ConnectionString" Version="2">
         <Key>
            <Table Name="JobRunParameter" Display="ConnectionString">
               <Prop Name="UID_Job">
                  <Value>CCC-F1AA59344260494DB5B231D89C8F4218</Value>
               </Prop>
               <Prop Name="UID_JobParameter">
                  <Value>DPR-8913E25E395F664CB095C199BD0CF12C</Value>
               </Prop>
            </Table>
         </Key>
         <Columns>
            <Column Name="IsCompressed" Display="False">
               <Value>False</Value>
            </Column>
            <Column Name="IsCrypted" Display="True">
               <Value>True</Value>
            </Column>
            <Column Name="IsHidden" Display="True">
               <Value>True</Value>
            </Column>
            <Column Name="IsPartialCrypted" Display="False">
               <Value>False</Value>
            </Column>
            <Column Name="Name" Display="ConnectionString">
               <Value>ConnectionString</Value>
            </Column>
            <Column Name="UID_Job" Display="CCC-F1AA59344260494DB5B231D89C8F4218">
               <Key>
                  <Table Name="Job" Display="Provision account" Key="CCC-F1AA59344260494DB5B231D89C8F4218">
                     <Prop Name="UID_Job">
                        <Value>CCC-F1AA59344260494DB5B231D89C8F4218</Value>
                     </Prop>
                  </Table>
               </Key>
            </Column>
            <Column Name="UID_JobParameter" Display="DPR-8913E25E395F664CB095C199BD0CF12C">
               <Key>
                  <Table Name="JobParameter" Display="ConnectionString" Key="DPR-8913E25E395F664CB095C199BD0CF12C">
                     <Prop Name="UID_JobParameter">
                        <Value>DPR-8913E25E395F664CB095C199BD0CF12C</Value>
                     </Prop>
                  </Table>
               </Key>
            </Column>
            <Column Name="ValueTemplate" Display="Value = ConnectionInfo.ConnectionString">
               <Value>Value = ConnectionInfo.ConnectionString</Value>
            </Column>
            <Column Name="XDateInserted" Display="6/3/2021 6:43:11 PM">
               <Value>2021-06-03T15:43:11.0770000Z</Value>
            </Column>
            <Column Name="XDateUpdated" Display="6/3/2021 6:43:11 PM">
               <Value>2021-06-03T15:43:11.0770000Z</Value>
            </Column>
            <Column Name="XMarkedForDeletion">
               <Value>0</Value>
            </Column>
            <Column Name="XObjectKey" Display="&lt;Key&gt;&lt;T&gt;JobRunParameter&lt;/T&gt;&lt;P&gt;CCC-F1AA59344260494DB5B231D89C8F4218&lt;/P&gt;&lt;P&gt;DPR-8913E25E395F664CB095C199BD0CF12C&lt;/P&gt;&lt;/Key&gt;">
               <Value>&lt;Key&gt;&lt;T&gt;JobRunParameter&lt;/T&gt;&lt;P&gt;CCC-F1AA59344260494DB5B231D89C8F4218&lt;/P&gt;&lt;P&gt;DPR-8913E25E395F664CB095C199BD0CF12C&lt;/P&gt;&lt;/Key&gt;</Value>
            </Column>
            <Column Name="XTouched">
               <Value />
            </Column>
            <Column Name="XUserInserted" Display="cccadmin">
               <Value>cccadmin</Value>
            </Column>
            <Column Name="XUserUpdated" Display="cccadmin">
               <Value>cccadmin</Value>
            </Column>
         </Columns>
      </DbObject>
      <DbObject Display="ForceSyncOf" Version="2">
         <Key>
            <Table Name="JobRunParameter" Display="ForceSyncOf">
               <Prop Name="UID_Job">
                  <Value>CCC-F1AA59344260494DB5B231D89C8F4218</Value>
               </Prop>
               <Prop Name="UID_JobParameter">
                  <Value>DPR-C0F7A5DC70BAA341989FB4C75EEDF05C</Value>
               </Prop>
            </Table>
         </Key>
         <Columns>
            <Column Name="IsCompressed" Display="False">
               <Value>False</Value>
            </Column>
            <Column Name="IsCrypted" Display="False">
               <Value>False</Value>
            </Column>
            <Column Name="IsHidden" Display="False">
               <Value>False</Value>
            </Column>
            <Column Name="IsPartialCrypted" Display="False">
               <Value>False</Value>
            </Column>
            <Column Name="Name" Display="ForceSyncOf">
               <Value>ForceSyncOf</Value>
            </Column>
            <Column Name="UID_Job" Display="CCC-F1AA59344260494DB5B231D89C8F4218">
               <Key>
                  <Table Name="Job" Display="Provision account" Key="CCC-F1AA59344260494DB5B231D89C8F4218">
                     <Prop Name="UID_Job">
                        <Value>CCC-F1AA59344260494DB5B231D89C8F4218</Value>
                     </Prop>
                  </Table>
               </Key>
            </Column>
            <Column Name="UID_JobParameter" Display="DPR-C0F7A5DC70BAA341989FB4C75EEDF05C">
               <Key>
                  <Table Name="JobParameter" Display="ForceSyncOf" Key="DPR-C0F7A5DC70BAA341989FB4C75EEDF05C">
                     <Prop Name="UID_JobParameter">
                        <Value>DPR-C0F7A5DC70BAA341989FB4C75EEDF05C</Value>
                     </Prop>
                  </Table>
               </Key>
            </Column>
            <Column Name="ValueTemplate" Display="Value = &quot;FirstName,LastName,Description,AccountDisabled&quot;">
               <Value>Value = "FirstName,LastName,Description,AccountDisabled"</Value>
            </Column>
            <Column Name="XDateInserted" Display="6/3/2021 10:58:35 PM">
               <Value>2021-06-03T19:58:35.2670000Z</Value>
            </Column>
            <Column Name="XDateUpdated" Display="6/3/2021 10:58:35 PM">
               <Value>2021-06-03T19:58:35.2670000Z</Value>
            </Column>
            <Column Name="XMarkedForDeletion">
               <Value>0</Value>
            </Column>
            <Column Name="XObjectKey" Display="&lt;Key&gt;&lt;T&gt;JobRunParameter&lt;/T&gt;&lt;P&gt;CCC-F1AA59344260494DB5B231D89C8F4218&lt;/P&gt;&lt;P&gt;DPR-C0F7A5DC70BAA341989FB4C75EEDF05C&lt;/P&gt;&lt;/Key&gt;">
               <Value>&lt;Key&gt;&lt;T&gt;JobRunParameter&lt;/T&gt;&lt;P&gt;CCC-F1AA59344260494DB5B231D89C8F4218&lt;/P&gt;&lt;P&gt;DPR-C0F7A5DC70BAA341989FB4C75EEDF05C&lt;/P&gt;&lt;/Key&gt;</Value>
            </Column>
            <Column Name="XTouched">
               <Value />
            </Column>
            <Column Name="XUserInserted" Display="cccadmin">
               <Value>cccadmin</Value>
            </Column>
            <Column Name="XUserUpdated" Display="cccadmin">
               <Value>cccadmin</Value>
            </Column>
         </Columns>
      </DbObject>
      <DbObject Display="UID_DPRProjectionConfiguration" Version="2">
         <Key>
            <Table Name="JobRunParameter" Display="UID_DPRProjectionConfiguration">
               <Prop Name="UID_Job">
                  <Value>CCC-F1AA59344260494DB5B231D89C8F4218</Value>
               </Prop>
               <Prop Name="UID_JobParameter">
                  <Value>DPR-CDF64ED65FFF494DBC29D795A2A91DBC</Value>
               </Prop>
            </Table>
         </Key>
         <Columns>
            <Column Name="IsCompressed" Display="False">
               <Value>False</Value>
            </Column>
            <Column Name="IsCrypted" Display="False">
               <Value>False</Value>
            </Column>
            <Column Name="IsHidden" Display="False">
               <Value>False</Value>
            </Column>
            <Column Name="IsPartialCrypted" Display="False">
               <Value>False</Value>
            </Column>
            <Column Name="Name" Display="UID_DPRProjectionConfiguration">
               <Value>UID_DPRProjectionConfiguration</Value>
            </Column>
            <Column Name="UID_Job" Display="CCC-F1AA59344260494DB5B231D89C8F4218">
               <Key>
                  <Table Name="Job" Display="Provision account" Key="CCC-F1AA59344260494DB5B231D89C8F4218">
                     <Prop Name="UID_Job">
                        <Value>CCC-F1AA59344260494DB5B231D89C8F4218</Value>
                     </Prop>
                  </Table>
               </Key>
            </Column>
            <Column Name="UID_JobParameter" Display="DPR-CDF64ED65FFF494DBC29D795A2A91DBC">
               <Key>
                  <Table Name="JobParameter" Display="UID_DPRProjectionConfiguration" Key="DPR-CDF64ED65FFF494DBC29D795A2A91DBC">
                     <Prop Name="UID_JobParameter">
                        <Value>DPR-CDF64ED65FFF494DBC29D795A2A91DBC</Value>
                     </Prop>
                  </Table>
               </Key>
            </Column>
            <Column Name="ValueTemplate" Display="Value = values(&quot;UID_DPRProjectionConfiguration&quot;).ToString()">
               <Value>Value = values("UID_DPRProjectionConfiguration").ToString()</Value>
            </Column>
            <Column Name="XDateInserted" Display="6/3/2021 6:43:11 PM">
               <Value>2021-06-03T15:43:11.0770000Z</Value>
            </Column>
            <Column Name="XDateUpdated" Display="6/3/2021 6:43:11 PM">
               <Value>2021-06-03T15:43:11.1030000Z</Value>
            </Column>
            <Column Name="XMarkedForDeletion">
               <Value>0</Value>
            </Column>
            <Column Name="XObjectKey" Display="&lt;Key&gt;&lt;T&gt;JobRunParameter&lt;/T&gt;&lt;P&gt;CCC-F1AA59344260494DB5B231D89C8F4218&lt;/P&gt;&lt;P&gt;DPR-CDF64ED65FFF494DBC29D795A2A91DBC&lt;/P&gt;&lt;/Key&gt;">
               <Value>&lt;Key&gt;&lt;T&gt;JobRunParameter&lt;/T&gt;&lt;P&gt;CCC-F1AA59344260494DB5B231D89C8F4218&lt;/P&gt;&lt;P&gt;DPR-CDF64ED65FFF494DBC29D795A2A91DBC&lt;/P&gt;&lt;/Key&gt;</Value>
            </Column>
            <Column Name="XTouched">
               <Value />
            </Column>
            <Column Name="XUserInserted" Display="cccadmin">
               <Value>cccadmin</Value>
            </Column>
            <Column Name="XUserUpdated" Display="cccadmin">
               <Value>cccadmin</Value>
            </Column>
         </Columns>
      </DbObject>
      <DbObject Display="UID_DPRSystemVariableSet" Version="2">
         <Key>
            <Table Name="JobRunParameter" Display="UID_DPRSystemVariableSet">
               <Prop Name="UID_Job">
                  <Value>CCC-F1AA59344260494DB5B231D89C8F4218</Value>
               </Prop>
               <Prop Name="UID_JobParameter">
                  <Value>DPR-E6976B615B8634408D7372F3CE4F18D3</Value>
               </Prop>
            </Table>
         </Key>
         <Columns>
            <Column Name="IsCompressed" Display="False">
               <Value>False</Value>
            </Column>
            <Column Name="IsCrypted" Display="False">
               <Value>False</Value>
            </Column>
            <Column Name="IsHidden" Display="False">
               <Value>False</Value>
            </Column>
            <Column Name="IsPartialCrypted" Display="False">
               <Value>False</Value>
            </Column>
            <Column Name="Name" Display="UID_DPRSystemVariableSet">
               <Value>UID_DPRSystemVariableSet</Value>
            </Column>
            <Column Name="UID_Job" Display="CCC-F1AA59344260494DB5B231D89C8F4218">
               <Key>
                  <Table Name="Job" Display="Provision account" Key="CCC-F1AA59344260494DB5B231D89C8F4218">
                     <Prop Name="UID_Job">
                        <Value>CCC-F1AA59344260494DB5B231D89C8F4218</Value>
                     </Prop>
                  </Table>
               </Key>
            </Column>
            <Column Name="UID_JobParameter" Display="DPR-E6976B615B8634408D7372F3CE4F18D3">
               <Key>
                  <Table Name="JobParameter" Display="UID_DPRSystemVariableSet" Key="DPR-E6976B615B8634408D7372F3CE4F18D3">
                     <Prop Name="UID_JobParameter">
                        <Value>DPR-E6976B615B8634408D7372F3CE4F18D3</Value>
                     </Prop>
                  </Table>
               </Key>
            </Column>
            <Column Name="ValueTemplate" Display="Value = values(&quot;UID_DPRSystemVariableSet&quot;).ToString()">
               <Value>Value = values("UID_DPRSystemVariableSet").ToString()</Value>
            </Column>
            <Column Name="XDateInserted" Display="6/3/2021 6:43:11 PM">
               <Value>2021-06-03T15:43:11.0800000Z</Value>
            </Column>
            <Column Name="XDateUpdated" Display="6/3/2021 6:43:11 PM">
               <Value>2021-06-03T15:43:11.2000000Z</Value>
            </Column>
            <Column Name="XMarkedForDeletion">
               <Value>0</Value>
            </Column>
            <Column Name="XObjectKey" Display="&lt;Key&gt;&lt;T&gt;JobRunParameter&lt;/T&gt;&lt;P&gt;CCC-F1AA59344260494DB5B231D89C8F4218&lt;/P&gt;&lt;P&gt;DPR-E6976B615B8634408D7372F3CE4F18D3&lt;/P&gt;&lt;/Key&gt;">
               <Value>&lt;Key&gt;&lt;T&gt;JobRunParameter&lt;/T&gt;&lt;P&gt;CCC-F1AA59344260494DB5B231D89C8F4218&lt;/P&gt;&lt;P&gt;DPR-E6976B615B8634408D7372F3CE4F18D3&lt;/P&gt;&lt;/Key&gt;</Value>
            </Column>
            <Column Name="XTouched">
               <Value />
            </Column>
            <Column Name="XUserInserted" Display="cccadmin">
               <Value>cccadmin</Value>
            </Column>
            <Column Name="XUserUpdated" Display="cccadmin">
               <Value>cccadmin</Value>
            </Column>
         </Columns>
      </DbObject>
      <DbObject Display="UPDATE - UNSAccountB" Version="2">
         <Key>
            <Table Name="QBMEvent" Display="UPDATE - UNSAccountB" Key="TSB-05D6F1A27F8AE0B7FC4FF7631E8DB68C">
               <Prop Name="UID_QBMEvent">
                  <Value>TSB-05D6F1A27F8AE0B7FC4FF7631E8DB68C</Value>
               </Prop>
            </Table>
         </Key>
         <Columns>
            <Column Name="DisplayName" Display="UPDATE - UNSAccountB">
               <Value>UPDATE - UNSAccountB</Value>
            </Column>
            <Column Name="EventName" Display="UPDATE">
               <Value>UPDATE</Value>
            </Column>
            <Column Name="UID_DialogTable" Display="UNSAccountB">
               <Key>
                  <Table Name="DialogTable" Display="UNSAccountB" Key="TSB-T-UNSAccountB">
                     <Prop Name="UID_DialogTable">
                        <Value>TSB-T-UNSAccountB</Value>
                     </Prop>
                  </Table>
               </Key>
            </Column>
            <Column Name="UID_QBMEvent" Display="TSB-05D6F1A27F8AE0B7FC4FF7631E8DB68C">
               <Value>TSB-05D6F1A27F8AE0B7FC4FF7631E8DB68C</Value>
            </Column>
            <Column Name="XDateInserted" Display="12/6/2020 11:18:08 PM">
               <Value>2020-12-06T21:18:08.7670000Z</Value>
            </Column>
            <Column Name="XDateUpdated" Display="12/6/2020 11:18:08 PM">
               <Value>2020-12-06T21:18:08.7670000Z</Value>
            </Column>
            <Column Name="XMarkedForDeletion">
               <Value>0</Value>
            </Column>
            <Column Name="XObjectKey" Display="&lt;Key&gt;&lt;T&gt;QBMEvent&lt;/T&gt;&lt;P&gt;TSB-05D6F1A27F8AE0B7FC4FF7631E8DB68C&lt;/P&gt;&lt;/Key&gt;">
               <Value>&lt;Key&gt;&lt;T&gt;QBMEvent&lt;/T&gt;&lt;P&gt;TSB-05D6F1A27F8AE0B7FC4FF7631E8DB68C&lt;/P&gt;&lt;/Key&gt;</Value>
            </Column>
            <Column Name="XTouched">
               <Value />
            </Column>
            <Column Name="XUserInserted" Display="QBM_PBufferT_ProcessInsert">
               <Value>QBM_PBufferT_ProcessInsert</Value>
            </Column>
            <Column Name="XUserUpdated" Display="QBM_PBufferT_ProcessInsert">
               <Value>QBM_PBufferT_ProcessInsert</Value>
            </Column>
         </Columns>
      </DbObject>
      <DbObject Display="DELETE - UNSAccountB" Version="2">
         <Key>
            <Table Name="QBMEvent" Display="DELETE - UNSAccountB" Key="TSB-8CD9C5EBE10015D28D9891D9D36AA8DA">
               <Prop Name="UID_QBMEvent">
                  <Value>TSB-8CD9C5EBE10015D28D9891D9D36AA8DA</Value>
               </Prop>
            </Table>
         </Key>
         <Columns>
            <Column Name="DisplayName" Display="DELETE - UNSAccountB">
               <Value>DELETE - UNSAccountB</Value>
            </Column>
            <Column Name="EventName" Display="DELETE">
               <Value>DELETE</Value>
            </Column>
            <Column Name="UID_DialogTable" Display="UNSAccountB">
               <Key>
                  <Table Name="DialogTable" Display="UNSAccountB" Key="TSB-T-UNSAccountB">
                     <Prop Name="UID_DialogTable">
                        <Value>TSB-T-UNSAccountB</Value>
                     </Prop>
                  </Table>
               </Key>
            </Column>
            <Column Name="UID_QBMEvent" Display="TSB-8CD9C5EBE10015D28D9891D9D36AA8DA">
               <Value>TSB-8CD9C5EBE10015D28D9891D9D36AA8DA</Value>
            </Column>
            <Column Name="XDateInserted" Display="12/6/2020 11:18:08 PM">
               <Value>2020-12-06T21:18:08.7670000Z</Value>
            </Column>
            <Column Name="XDateUpdated" Display="12/6/2020 11:18:08 PM">
               <Value>2020-12-06T21:18:08.7670000Z</Value>
            </Column>
            <Column Name="XMarkedForDeletion">
               <Value>0</Value>
            </Column>
            <Column Name="XObjectKey" Display="&lt;Key&gt;&lt;T&gt;QBMEvent&lt;/T&gt;&lt;P&gt;TSB-8CD9C5EBE10015D28D9891D9D36AA8DA&lt;/P&gt;&lt;/Key&gt;">
               <Value>&lt;Key&gt;&lt;T&gt;QBMEvent&lt;/T&gt;&lt;P&gt;TSB-8CD9C5EBE10015D28D9891D9D36AA8DA&lt;/P&gt;&lt;/Key&gt;</Value>
            </Column>
            <Column Name="XTouched">
               <Value />
            </Column>
            <Column Name="XUserInserted" Display="QBM_PBufferT_ProcessInsert">
               <Value>QBM_PBufferT_ProcessInsert</Value>
            </Column>
            <Column Name="XUserUpdated" Display="QBM_PBufferT_ProcessInsert">
               <Value>QBM_PBufferT_ProcessInsert</Value>
            </Column>
         </Columns>
      </DbObject>
      <DbObject Display="INSERT - UNSAccountB" Version="2">
         <Key>
            <Table Name="QBMEvent" Display="INSERT - UNSAccountB" Key="TSB-AE8C1B46E175ECFC2A880D990682E00A">
               <Prop Name="UID_QBMEvent">
                  <Value>TSB-AE8C1B46E175ECFC2A880D990682E00A</Value>
               </Prop>
            </Table>
         </Key>
         <Columns>
            <Column Name="DisplayName" Display="INSERT - UNSAccountB">
               <Value>INSERT - UNSAccountB</Value>
            </Column>
            <Column Name="EventName" Display="INSERT">
               <Value>INSERT</Value>
            </Column>
            <Column Name="UID_DialogTable" Display="UNSAccountB">
               <Key>
                  <Table Name="DialogTable" Display="UNSAccountB" Key="TSB-T-UNSAccountB">
                     <Prop Name="UID_DialogTable">
                        <Value>TSB-T-UNSAccountB</Value>
                     </Prop>
                  </Table>
               </Key>
            </Column>
            <Column Name="UID_QBMEvent" Display="TSB-AE8C1B46E175ECFC2A880D990682E00A">
               <Value>TSB-AE8C1B46E175ECFC2A880D990682E00A</Value>
            </Column>
            <Column Name="XDateInserted" Display="12/6/2020 11:18:08 PM">
               <Value>2020-12-06T21:18:08.7670000Z</Value>
            </Column>
            <Column Name="XDateUpdated" Display="12/6/2020 11:18:08 PM">
               <Value>2020-12-06T21:18:08.7670000Z</Value>
            </Column>
            <Column Name="XMarkedForDeletion">
               <Value>0</Value>
            </Column>
            <Column Name="XObjectKey" Display="&lt;Key&gt;&lt;T&gt;QBMEvent&lt;/T&gt;&lt;P&gt;TSB-AE8C1B46E175ECFC2A880D990682E00A&lt;/P&gt;&lt;/Key&gt;">
               <Value>&lt;Key&gt;&lt;T&gt;QBMEvent&lt;/T&gt;&lt;P&gt;TSB-AE8C1B46E175ECFC2A880D990682E00A&lt;/P&gt;&lt;/Key&gt;</Value>
            </Column>
            <Column Name="XTouched">
               <Value />
            </Column>
            <Column Name="XUserInserted" Display="QBM_PBufferT_ProcessInsert">
               <Value>QBM_PBufferT_ProcessInsert</Value>
            </Column>
            <Column Name="XUserUpdated" Display="QBM_PBufferT_ProcessInsert">
               <Value>QBM_PBufferT_ProcessInsert</Value>
            </Column>
         </Columns>
      </DbObject>
   </DbObjects>
</Container>