<DBTransporter Version="3.0">
  <Header>
    <Parameter Name="Display">1IM-DEV\OneIM</Parameter>
    <Parameter Name="Edition">STE</Parameter>
    <Parameter Name="Version">8.1</Parameter>
    <Parameter Name="DBSystem">MSSQL</Parameter>
    <Parameter Name="DBServer">1IM-DEV</Parameter>
    <Parameter Name="DBName">OneIM</Parameter>
    <Parameter Name="UserDisplay">cccadmin</Parameter>
    <Parameter Name="UserName">cccadmin</Parameter>
    <Parameter Name="ExportDate">2021-06-04 16:08:42</Parameter>
    <Parameter Name="Description">Custom target system Xyz (Xyz)</Parameter>
    <Parameter Name="Parts">Common</Parameter>
    <Parameter Name="Modules">CCC,TSB,DPR,QER</Parameter>
  </Header>
  <Tasks>
    <Task Class="VI.Transport.ObjectTransport, VI.Transport" Display="ObjectTransport">
      <Parameter Name="Costs">S0|C2|D0</Parameter>
      <Parameter Name="TaskPath">ObjectTransport</Parameter>
    </Task>
  </Tasks>
  <Modules>
    <Module Id="CCC" Name="Customer configured content" Version="8.1.3.102" />
    <Module Id="TSB" Name="Target System Base Module" Version="8.1.3.102" />
    <Module Id="DPR" Name="Target System Synchronization Module" Version="8.1.3.102" />
    <Module Id="QER" Name="Identity Management Base Module" Version="8.1.3.102" />
  </Modules>
</DBTransporter>