﻿<!DOCTYPE ObjectContainer>
<Container>
   <BaseObject><Key>
  <Table Name="UNSRootB" Display="Xyz (Xyz)" Key="35dc1a72-ed10-421e-bca6-fa730d6fc43a">
    <Prop Name="UID_UNSRootB">
      <Value>35dc1a72-ed10-421e-bca6-fa730d6fc43a</Value>
    </Prop>
  </Table>
</Key></BaseObject>
   <DeleteResiduals>true</DeleteResiduals>
   <Relations />
   <DbObjects>
      <DbObject Display="Xyz (Xyz)" Version="2">
         <Key>
            <Table Name="UNSRootB" Display="Xyz (Xyz)" Key="35dc1a72-ed10-421e-bca6-fa730d6fc43a">
               <Prop Name="UID_UNSRootB">
                  <Value>35dc1a72-ed10-421e-bca6-fa730d6fc43a</Value>
               </Prop>
            </Table>
         </Key>
         <Columns>
            <Column Name="AccountToPersonMatchingRule" Display="&lt;MatchingRules Version=&quot;2.0&quot;&gt;&#xD;&#xA;	&lt;ObjectClass Name=&quot;UNSAccountB&quot;&gt;&#xD;&#xA;		&lt;And&gt;&#xD;&#xA;			&lt;Rule PersonColumn=&quot;CentralAccount&quot; ApplyTemplateForPerson=&quot;True&quot; AccountColumn=&quot;AccountName&quot; AccountTable=&quot;UNSAccountB&quot; ApplyTemplateForAccount=&quot;True&quot; /&gt;&#xD;&#xA;		&lt;/And&gt;&#xD;&#xA;	&lt;/ObjectClass&gt;&#xD;&#xA;&lt;/MatchingRules&gt;&#xD;&#xA;">
               <Value>&lt;MatchingRules Version="2.0"&gt;
	&lt;ObjectClass Name="UNSAccountB"&gt;
		&lt;And&gt;
			&lt;Rule PersonColumn="CentralAccount" ApplyTemplateForPerson="True" AccountColumn="AccountName" AccountTable="UNSAccountB" ApplyTemplateForAccount="True" /&gt;
		&lt;/And&gt;
	&lt;/ObjectClass&gt;
&lt;/MatchingRules&gt;
</Value>
            </Column>
            <Column Name="AlternatePropertyCaptions" Display="&lt;?xml version=&quot;1.0&quot; encoding=&quot;utf-16&quot;?&gt;&#xD;&#xA;&lt;AlternatePropertyCaptions&gt;&#xD;&#xA;	&lt;Table Name=&quot;UNSContainerB&quot; /&gt;&#xD;&#xA;	&lt;Table Name=&quot;UNSGroupB&quot; /&gt;&#xD;&#xA;	&lt;Table Name=&quot;UNSItemB&quot; /&gt;&#xD;&#xA;	&lt;Table Name=&quot;UNSAccountB&quot; /&gt;&#xD;&#xA;&lt;/AlternatePropertyCaptions&gt;">
               <Value>&lt;?xml version="1.0" encoding="utf-16"?&gt;
&lt;AlternatePropertyCaptions&gt;
	&lt;Table Name="UNSContainerB" /&gt;
	&lt;Table Name="UNSGroupB" /&gt;
	&lt;Table Name="UNSItemB" /&gt;
	&lt;Table Name="UNSAccountB" /&gt;
&lt;/AlternatePropertyCaptions&gt;</Value>
            </Column>
            <Column Name="CanonicalName" Display="Xyz">
               <Value>Xyz</Value>
            </Column>
            <Column Name="Description">
               <Value />
            </Column>
            <Column Name="DisplayName" Display="Xyz">
               <Value>Xyz</Value>
            </Column>
            <Column Name="DistinguishedName" Display="system=Xyz">
               <Value>system=Xyz</Value>
            </Column>
            <Column Name="Ident_UNSRoot" Display="Xyz">
               <Value>Xyz</Value>
            </Column>
            <Column Name="isMemberOfEnabled" Display="False">
               <Value>False</Value>
            </Column>
            <Column Name="IsNoWrite" Display="False">
               <Value>False</Value>
            </Column>
            <Column Name="MatchPatternDisplay" Display="&lt;MatchPatternDisplay /&gt;">
               <Value>&lt;MatchPatternDisplay /&gt;</Value>
            </Column>
            <Column Name="NamespaceManagedBy" Display="One Identity Manager">
               <Value>VISYNC</Value>
            </Column>
            <Column Name="UID_AERoleOwner">
               <Value />
            </Column>
            <Column Name="UID_DPRNameSpace" Display="Powershell connector">
               <Key>
                  <Table Name="DPRNameSpace" Display="Powershell connector" Key="aae2af2f-0e95-4281-8c07-0c3f89e653fa">
                     <Prop Name="UID_DPRNameSpace">
                        <Value>aae2af2f-0e95-4281-8c07-0c3f89e653fa</Value>
                     </Prop>
                  </Table>
               </Key>
            </Column>
            <Column Name="UID_SyncServer">
               <Value />
            </Column>
            <Column Name="UID_TSBAccountDef">
               <Value />
            </Column>
            <Column Name="UID_UNSRootB" Display="35dc1a72-ed10-421e-bca6-fa730d6fc43a">
               <Value>35dc1a72-ed10-421e-bca6-fa730d6fc43a</Value>
            </Column>
            <Column Name="UsesContainer" Display="False">
               <Value>False</Value>
            </Column>
            <Column Name="XDateInserted" Display="6/3/2021 5:51:21 PM">
               <Value>2021-06-03T14:51:21.2400000Z</Value>
            </Column>
            <Column Name="XDateUpdated" Display="6/3/2021 5:51:21 PM">
               <Value>2021-06-03T14:51:21.2400000Z</Value>
            </Column>
            <Column Name="XMarkedForDeletion">
               <Value>0</Value>
            </Column>
            <Column Name="XObjectKey" Display="&lt;Key&gt;&lt;T&gt;UNSRootB&lt;/T&gt;&lt;P&gt;35dc1a72-ed10-421e-bca6-fa730d6fc43a&lt;/P&gt;&lt;/Key&gt;">
               <Value>&lt;Key&gt;&lt;T&gt;UNSRootB&lt;/T&gt;&lt;P&gt;35dc1a72-ed10-421e-bca6-fa730d6fc43a&lt;/P&gt;&lt;/Key&gt;</Value>
            </Column>
            <Column Name="XTouched">
               <Value />
            </Column>
            <Column Name="XUserInserted" Display="cccadmin">
               <Value>cccadmin</Value>
            </Column>
            <Column Name="XUserUpdated" Display="cccadmin">
               <Value>cccadmin</Value>
            </Column>
         </Columns>
      </DbObject>
      <DbObject Display="Powershell connector" Version="2">
         <Key>
            <Table Name="DPRNameSpace" Display="Powershell connector" Key="aae2af2f-0e95-4281-8c07-0c3f89e653fa">
               <Prop Name="UID_DPRNameSpace">
                  <Value>aae2af2f-0e95-4281-8c07-0c3f89e653fa</Value>
               </Prop>
            </Table>
         </Key>
         <Columns>
            <Column Name="AdditionalSystemTypes">
               <Value />
            </Column>
            <Column Name="Description">
               <Value />
            </Column>
            <Column Name="DisplayName" Display="Powershell connector">
               <Value>Powershell connector</Value>
            </Column>
            <Column Name="FilterDesignerText" Display="in the target system">
               <Value>in the target system</Value>
            </Column>
            <Column Name="Ident_DPRNameSpace" Display="Posh">
               <Value>Posh</Value>
            </Column>
            <Column Name="IsExtendedInheritance" Display="False">
               <Value>False</Value>
            </Column>
            <Column Name="IsFilterDesignerEnabled" Display="True">
               <Value>True</Value>
            </Column>
            <Column Name="UID_DPRNameSpace" Display="aae2af2f-0e95-4281-8c07-0c3f89e653fa">
               <Value>aae2af2f-0e95-4281-8c07-0c3f89e653fa</Value>
            </Column>
            <Column Name="XDateInserted" Display="6/3/2021 5:48:21 PM">
               <Value>2021-06-03T14:48:21.6770000Z</Value>
            </Column>
            <Column Name="XDateUpdated" Display="6/3/2021 5:48:21 PM">
               <Value>2021-06-03T14:48:21.6770000Z</Value>
            </Column>
            <Column Name="XMarkedForDeletion">
               <Value>0</Value>
            </Column>
            <Column Name="XObjectKey" Display="&lt;Key&gt;&lt;T&gt;DPRNameSpace&lt;/T&gt;&lt;P&gt;aae2af2f-0e95-4281-8c07-0c3f89e653fa&lt;/P&gt;&lt;/Key&gt;">
               <Value>&lt;Key&gt;&lt;T&gt;DPRNameSpace&lt;/T&gt;&lt;P&gt;aae2af2f-0e95-4281-8c07-0c3f89e653fa&lt;/P&gt;&lt;/Key&gt;</Value>
            </Column>
            <Column Name="XTouched">
               <Value />
            </Column>
            <Column Name="XUserInserted" Display="cccadmin">
               <Value>cccadmin</Value>
            </Column>
            <Column Name="XUserUpdated" Display="cccadmin">
               <Value>cccadmin</Value>
            </Column>
         </Columns>
      </DbObject>
   </DbObjects>
</Container>