﻿<!DOCTYPE ObjectContainer>
<Container>
   <BaseObject><Key>
  <Table Name="DPRObjectOperation" Display="Provisioning UNSAccountB -&gt; Xyz - Provisioning" Key="bb33e976-a3a9-42b1-8c2d-f3660c422a5f">
    <Prop Name="UID_DPRObjectOperation">
      <Value>bb33e976-a3a9-42b1-8c2d-f3660c422a5f</Value>
    </Prop>
  </Table>
</Key></BaseObject>
   <DeleteResiduals>true</DeleteResiduals>
   <Relations />
   <DbObjects>
      <DbObject Display="Provisioning UNSAccountB -&gt; Xyz - Provisioning" Version="2">
         <Key>
            <Table Name="DPRObjectOperation" Display="Provisioning UNSAccountB -&gt; Xyz - Provisioning" Key="bb33e976-a3a9-42b1-8c2d-f3660c422a5f">
               <Prop Name="UID_DPRObjectOperation">
                  <Value>bb33e976-a3a9-42b1-8c2d-f3660c422a5f</Value>
               </Prop>
            </Table>
         </Key>
         <Columns>
            <Column Name="Description" Display="Provisioning">
               <Value>Provisioning</Value>
            </Column>
            <Column Name="DisplayName" Display="Provisioning">
               <Value>Provisioning</Value>
            </Column>
            <Column Name="Name" Display="Provisioning">
               <Value>Provisioning</Value>
            </Column>
            <Column Name="UID_DialogTable" Display="UNSAccountB">
               <Key>
                  <Table Name="DialogTable" Display="UNSAccountB" Key="TSB-T-UNSAccountB">
                     <Prop Name="UID_DialogTable">
                        <Value>TSB-T-UNSAccountB</Value>
                     </Prop>
                  </Table>
               </Key>
            </Column>
            <Column Name="UID_DPRObjectOperation" Display="bb33e976-a3a9-42b1-8c2d-f3660c422a5f">
               <Value>bb33e976-a3a9-42b1-8c2d-f3660c422a5f</Value>
            </Column>
            <Column Name="UID_DPRProjectionConfig" Display="Xyz - Provisioning">
               <Key>
                  <Table Name="DPRProjectionConfig" Display="Xyz - Provisioning" Key="CCC-0962E299E0F2234AAC91F1D5FADEBEC4">
                     <Prop Name="UID_DPRProjectionConfig">
                        <Value>CCC-0962E299E0F2234AAC91F1D5FADEBEC4</Value>
                     </Prop>
                  </Table>
               </Key>
            </Column>
            <Column Name="UID_DPRSystemConnection" Display="Xyz - PoshNet40 (Xyz)">
               <Key>
                  <Table Name="DPRSystemConnection" Display="Xyz - PoshNet40 (Xyz)" Key="CCC-6FF2F8A2B54AEE4EA03CF45BA9C9B198">
                     <Prop Name="UID_DPRSystemConnection">
                        <Value>CCC-6FF2F8A2B54AEE4EA03CF45BA9C9B198</Value>
                     </Prop>
                  </Table>
               </Key>
            </Column>
            <Column Name="XDateInserted" Display="6/3/2021 6:50:29 PM">
               <Value>2021-06-03T15:50:29.3700000Z</Value>
            </Column>
            <Column Name="XDateUpdated" Display="6/3/2021 6:50:29 PM">
               <Value>2021-06-03T15:50:29.3700000Z</Value>
            </Column>
            <Column Name="XObjectKey" Display="&lt;Key&gt;&lt;T&gt;DPRObjectOperation&lt;/T&gt;&lt;P&gt;bb33e976-a3a9-42b1-8c2d-f3660c422a5f&lt;/P&gt;&lt;/Key&gt;">
               <Value>&lt;Key&gt;&lt;T&gt;DPRObjectOperation&lt;/T&gt;&lt;P&gt;bb33e976-a3a9-42b1-8c2d-f3660c422a5f&lt;/P&gt;&lt;/Key&gt;</Value>
            </Column>
            <Column Name="XTouched">
               <Value />
            </Column>
            <Column Name="XUserInserted" Display="cccadmin">
               <Value>cccadmin</Value>
            </Column>
            <Column Name="XUserUpdated" Display="cccadmin">
               <Value>cccadmin</Value>
            </Column>
         </Columns>
      </DbObject>
   </DbObjects>
</Container>