<DBTransporter Version="3.0">
  <Header>
    <Parameter Name="Display">1IM-DEV\OneIM</Parameter>
    <Parameter Name="Edition">STE</Parameter>
    <Parameter Name="Version">8.1</Parameter>
    <Parameter Name="DBSystem">MSSQL</Parameter>
    <Parameter Name="DBServer">1IM-DEV</Parameter>
    <Parameter Name="DBName">OneIM</Parameter>
    <Parameter Name="UserDisplay">cccadmin</Parameter>
    <Parameter Name="UserName">cccadmin</Parameter>
    <Parameter Name="ExportDate">2021-06-04 16:09:28</Parameter>
    <Parameter Name="Description">y</Parameter>
    <Parameter Name="Parts">Common, Data</Parameter>
    <Parameter Name="Modules">CCC,TSB,DPR,QBM</Parameter>
  </Header>
  <Tasks>
    <Task Class="VI.Transport.ObjectTransport, VI.Transport" Display="ObjectTransport">
      <Parameter Name="Costs">S0|C15|D1</Parameter>
      <Parameter Name="SingleUserMode">1</Parameter>
      <Parameter Name="TaskPath">ObjectTransport</Parameter>
    </Task>
    <Task Class="VI.Transport.DPR.ShellTransport, VI.Transport.DPR" Display="ShellTransport">
      <Parameter Name="Costs">S0|C5|D0</Parameter>
      <Parameter Name="TaskPath">ShellTransport</Parameter>
    </Task>
  </Tasks>
  <Modules>
    <Module Id="CCC" Name="Customer configured content" Version="8.1.3.102" />
    <Module Id="TSB" Name="Target System Base Module" Version="8.1.3.102" />
    <Module Id="DPR" Name="Target System Synchronization Module" Version="8.1.3.102" />
    <Module Id="QBM" Name="Configuration Module" Version="8.1.3.102" />
  </Modules>
</DBTransporter>